1,Account Balance,112345S,98765,99190,2023-02-08 16:44,1,success
2,Account Balance,112345S,98765,99190,2023-02-09 18:09,1,success
3,Account Balance,112345S,98765,99190,2023-02-09 18:12,1,success
4,Account Balance,112345S,98765,99190,2023-02-09 18:12,1,success
5,Account Balance,112345S,98765,99190,2023-02-09 18:14,1,success
6,Account Balance,112345S,98765,99190,2023-02-09 18:16,1,success
7,Account Balance,112345S,98765,99190,2023-02-09 18:16,1,success
8,Account Balance,112345S,98765,99190,2023-02-09 18:18,1,success
9,Account Balance,112345S,98765,99190,2023-02-09 18:21,1,success
10,Account Balance,112345S,98765,99190,2023-02-09 18:21,1,success
11,Account Balance,112345S,98765,99190,2023-02-09 18:22,1,success
12,Account Balance,112345S,98765,99190,2023-02-09 18:22,1,success
13,Account Balance,112345S,98765,99190,2023-02-09 18:29,1,success
14,Account Balance,112345S,98765,99190,2023-02-09 19:31,1,success
15,Account Balance,112345S,98765,99190,2023-02-09 19:32,1,success
16,Account Balance,112345S,98765,99190,2023-02-09 19:35,1,success
17,Account Balance,112345S,98765,99190,2023-02-09 19:36,1,success
18,Account Balance,112345S,98765,99190,2023-02-09 19:36,1,success
19,Account Balance,112345S,98765,99190,2023-02-09 19:41,1,success
20,Account Balance,112345S,98765,99190,2023-02-09 19:42,1,success